epoch,scratch_train_loss,scratch_val_loss,scratch_train_accuracy,scratch_val_accuracy,resnet_train_loss,resnet_val_loss,resnet_train_accuracy,resnet_val_accuracy
1,0.2828053548526602,0.20836788039831888,0.8884353741496599,0.9126984126984127,0.08501581800151237,0.00754551575888717,0.9714285714285714,0.9984126984126984
2,0.1853108404850473,0.14625096304549112,0.9350340136054421,0.953968253968254,0.011963515165958833,0.008026176019911728,0.996938775510204,0.9984126984126984
3,0.17092455166335008,0.16163454122013515,0.941156462585034,0.9428571428571428,0.016625260630128334,0.009111174156830187,0.9962585034013606,0.9984126984126984
4,0.15214041574877135,0.22073947300040533,0.9462585034013605,0.9111111111111111,0.020971901371653768,0.030522551209414526,0.9938775510204082,0.9873015873015873
5,0.1432963512381729,0.13764042964293843,0.9486394557823129,0.9492063492063492,0.009157468718207334,0.006028425931147049,0.996938775510204,0.9968253968253968
6,0.1378052231405868,0.13822991682423486,0.9540816326530612,0.9492063492063492,0.008721593842005396,0.0021464481772411437,0.9972789115646259,1.0
7,0.11240414927403132,0.18583518380210512,0.9625850340136054,0.9253968253968254,0.0035480661133183863,0.002074490596599404,0.998639455782313,1.0
8,0.10630739060591678,0.10376584346568773,0.9639455782312926,0.9555555555555556,0.0027713178481976342,0.0007599640252356905,0.9996598639455783,1.0
9,0.09734736728627666,0.0958283728668614,0.9656462585034014,0.9619047619047619,0.0022454426936697543,0.0007670143994757728,0.9989795918367347,1.0
10,0.09406757265532098,0.12131998342654061,0.9693877551020408,0.9507936507936507,0.001279957072320711,0.0004608516118928997,1.0,1.0
